diagram,target_p,target_q,path
"(4, 2, 1)",1,2,"(row=0,col=3) -> (row=2,col=1)"
"(4, 2, 1)",1,2,"(row=0,col=1) -> (row=1,col=2)"
"(4, 2, 1)",1,4,"(row=0,col=2) -> (row=0,col=0)"
"(3, 2, 1, 1)",1,2,"(row=0,col=1) -> (row=1,col=2)"
"(3, 2, 1, 1)",1,2,"(row=0,col=3) -> (row=2,col=1)"
"(4, 3, 1)",1,4,"(row=0,col=1) -> (row=1,col=2)"
"(4, 3, 1)",1,4,"(row=0,col=3) -> (row=2,col=1)"
"(4, 2, 1, 1)",7,4,"(row=2,col=1) -> (row=1,col=0)"
"(4, 2, 1, 1)",7,4,"(row=3,col=1) -> (row=2,col=0)"
"(4, 2, 1, 1)",7,4,"(row=2,col=0) -> (row=2,col=0)"
"(4, 2, 1, 1)",7,4,"(row=3,col=0) -> (row=1,col=0)"
"(4, 2, 1, 1)",7,4,"(row=1,col=1) -> (row=2,col=0)"
"(4, 2, 1, 1)",7,4,"(row=1,col=0) -> (row=1,col=0)"
"(3, 2, 2, 1)",1,1,"(row=0,col=3) -> (row=2,col=1)"
"(3, 2, 2, 1)",1,1,"(row=0,col=1) -> (row=1,col=2)"
"(3, 2, 2, 1)",4,1,"(row=1,col=3) -> (row=1,col=1)"
"(3, 2, 2, 1)",4,1,"(row=2,col=3) -> (row=2,col=1)"
"(3, 2, 2, 1)",4,1,"(row=3,col=3) -> (row=1,col=1)"
"(3, 2, 2, 1)",4,1,"(row=2,col=1) -> (row=1,col=2)"
"(3, 2, 2, 1)",4,1,"(row=3,col=1) -> (row=2,col=2)"
"(3, 2, 2, 1)",4,1,"(row=1,col=1) -> (row=2,col=2)"
"(3, 2, 1, 1, 1)",7,3,"(row=1,col=1) -> (row=2,col=0)"
"(3, 2, 1, 1, 1)",7,3,"(row=1,col=0) -> (row=1,col=0)"
"(3, 2, 1, 1, 1)",7,3,"(row=2,col=1) -> (row=1,col=0)"
"(3, 2, 1, 1, 1)",7,3,"(row=3,col=1) -> (row=2,col=0)"
"(3, 2, 1, 1, 1)",7,3,"(row=2,col=0) -> (row=2,col=0)"
"(3, 2, 1, 1, 1)",7,3,"(row=3,col=0) -> (row=1,col=0)"
"(5, 3, 1)",7,1,"(row=2,col=1) -> (row=1,col=0)"
"(5, 3, 1)",7,1,"(row=3,col=1) -> (row=2,col=0)"
"(5, 3, 1)",7,1,"(row=1,col=0) -> (row=1,col=0)"
"(5, 3, 1)",7,1,"(row=1,col=1) -> (row=2,col=0)"
"(5, 3, 1)",7,1,"(row=2,col=0) -> (row=2,col=0)"
"(5, 3, 1)",7,1,"(row=3,col=0) -> (row=1,col=0)"
"(5, 2, 1, 1)",2,5,"(row=0,col=2) -> (row=0,col=0)"
"(5, 2, 1, 1)",3,5,"(row=0,col=1) -> (row=1,col=2)"
"(5, 2, 1, 1)",3,5,"(row=0,col=3) -> (row=2,col=1)"
"(4, 3, 2)",1,3,"(row=0,col=1) -> (row=1,col=2)"
"(4, 3, 2)",1,3,"(row=0,col=3) -> (row=2,col=1)"
"(4, 3, 2)",3,1,"(row=2,col=1) -> (row=1,col=2)"
"(4, 3, 2)",3,1,"(row=3,col=1) -> (row=2,col=2)"
"(4, 3, 2)",3,1,"(row=2,col=3) -> (row=2,col=1)"
"(4, 3, 2)",3,1,"(row=3,col=3) -> (row=1,col=1)"
"(4, 3, 2)",3,1,"(row=1,col=3) -> (row=1,col=1)"
"(4, 3, 2)",3,1,"(row=1,col=1) -> (row=2,col=2)"
"(4, 3, 1, 1)",3,7,"(row=2,col=2) -> (row=2,col=2)"
"(4, 3, 1, 1)",3,7,"(row=3,col=2) -> (row=1,col=2)"
"(4, 3, 1, 1)",3,7,"(row=2,col=3) -> (row=1,col=2)"
"(4, 3, 1, 1)",3,7,"(row=3,col=3) -> (row=2,col=2)"
"(4, 3, 1, 1)",3,7,"(row=1,col=2) -> (row=1,col=2)"
"(4, 3, 1, 1)",3,7,"(row=1,col=3) -> (row=2,col=2)"
"(4, 3, 1, 1)",7,1,"(row=2,col=0) -> (row=2,col=0)"
"(4, 3, 1, 1)",7,1,"(row=3,col=0) -> (row=1,col=0)"
"(4, 3, 1, 1)",7,1,"(row=2,col=1) -> (row=1,col=0)"
"(4, 3, 1, 1)",7,1,"(row=3,col=1) -> (row=2,col=0)"
"(4, 3, 1, 1)",7,1,"(row=1,col=1) -> (row=2,col=0)"
"(4, 3, 1, 1)",7,1,"(row=1,col=0) -> (row=1,col=0)"
"(4, 2, 2, 1)",1,5,"(row=0,col=2) -> (row=0,col=0)"
"(4, 2, 1, 1, 1)",3,5,"(row=0,col=1) -> (row=1,col=2)"
"(4, 2, 1, 1, 1)",3,5,"(row=0,col=3) -> (row=2,col=1)"
"(3, 3, 2, 1)",1,3,"(row=0,col=1) -> (row=1,col=2)"
"(3, 3, 2, 1)",1,3,"(row=0,col=3) -> (row=2,col=1)"
"(3, 3, 2, 1)",3,1,"(row=1,col=0) -> (row=1,col=0)"
"(3, 3, 2, 1)",3,1,"(row=2,col=1) -> (row=1,col=0)"
"(3, 3, 2, 1)",3,1,"(row=3,col=1) -> (row=2,col=0)"
"(3, 3, 2, 1)",3,1,"(row=2,col=0) -> (row=2,col=0)"
"(3, 3, 2, 1)",3,1,"(row=3,col=0) -> (row=1,col=0)"
"(3, 3, 2, 1)",3,1,"(row=1,col=1) -> (row=2,col=0)"
"(3, 3, 2, 1)",3,5,"(row=0,col=2) -> (row=0,col=2)"
"(3, 3, 2, 1)",4,1,"(row=0,col=1) -> (row=2,col=1)"
"(3, 3, 2, 1)",4,1,"(row=0,col=2) -> (row=1,col=1)"
"(3, 3, 2, 1)",5,1,"(row=2,col=0) -> (row=2,col=2)"
"(3, 3, 2, 1)",5,1,"(row=3,col=0) -> (row=1,col=2)"
"(3, 3, 2, 1)",5,1,"(row=1,col=0) -> (row=1,col=2)"
"(3, 3, 2, 1)",5,1,"(row=1,col=3) -> (row=2,col=0)"
"(3, 3, 2, 1)",5,1,"(row=2,col=3) -> (row=1,col=0)"
"(3, 3, 2, 1)",5,1,"(row=3,col=3) -> (row=2,col=0)"
"(3, 2, 2, 1, 1)",7,1,"(row=1,col=3) -> (row=2,col=0)"
"(3, 2, 2, 1, 1)",7,1,"(row=1,col=0) -> (row=1,col=2)"
"(3, 2, 2, 1, 1)",7,1,"(row=2,col=3) -> (row=1,col=0)"
"(3, 2, 2, 1, 1)",7,1,"(row=3,col=3) -> (row=2,col=0)"
"(3, 2, 2, 1, 1)",7,1,"(row=2,col=0) -> (row=2,col=2)"
"(3, 2, 2, 1, 1)",7,1,"(row=3,col=0) -> (row=1,col=2)"
"(7, 2, 1)",4,7,"(row=0,col=3) -> (row=2,col=1)"
"(7, 2, 1)",4,7,"(row=0,col=1) -> (row=1,col=2)"
"(6, 3, 1)",1,6,"(row=0,col=2) -> (row=0,col=0)"
"(5, 3, 2)",6,1,"(row=2,col=3) -> (row=2,col=1)"
"(5, 3, 2)",6,1,"(row=3,col=3) -> (row=1,col=1)"
"(5, 3, 2)",6,1,"(row=1,col=3) -> (row=1,col=1)"
"(5, 3, 2)",6,1,"(row=1,col=1) -> (row=2,col=2)"
"(5, 3, 2)",6,1,"(row=2,col=1) -> (row=1,col=2)"
"(5, 3, 2)",6,1,"(row=3,col=1) -> (row=2,col=2)"
"(4, 2, 1, 1, 1, 1)",1,3,"(row=2,col=2) -> (row=2,col=2)"
"(4, 2, 1, 1, 1, 1)",1,3,"(row=3,col=2) -> (row=1,col=2)"
"(4, 2, 1, 1, 1, 1)",1,3,"(row=1,col=2) -> (row=1,col=2)"
"(4, 2, 1, 1, 1, 1)",1,3,"(row=1,col=3) -> (row=2,col=2)"
"(4, 2, 1, 1, 1, 1)",1,3,"(row=2,col=3) -> (row=1,col=2)"
"(4, 2, 1, 1, 1, 1)",1,3,"(row=3,col=3) -> (row=2,col=2)"
"(4, 2, 1, 1, 1, 1)",3,2,"(row=2,col=1) -> (row=1,col=0)"
"(4, 2, 1, 1, 1, 1)",3,2,"(row=3,col=1) -> (row=2,col=0)"
"(4, 2, 1, 1, 1, 1)",3,2,"(row=2,col=0) -> (row=2,col=0)"
"(4, 2, 1, 1, 1, 1)",3,2,"(row=3,col=0) -> (row=1,col=0)"
"(4, 2, 1, 1, 1, 1)",3,2,"(row=1,col=0) -> (row=1,col=0)"
"(4, 2, 1, 1, 1, 1)",3,2,"(row=1,col=1) -> (row=2,col=0)"
"(3, 3, 2, 1, 1)",6,1,"(row=2,col=1) -> (row=1,col=2)"
"(3, 3, 2, 1, 1)",6,1,"(row=3,col=1) -> (row=2,col=2)"
"(3, 3, 2, 1, 1)",6,1,"(row=1,col=1) -> (row=2,col=2)"
"(3, 3, 2, 1, 1)",6,1,"(row=1,col=3) -> (row=1,col=1)"
"(3, 3, 2, 1, 1)",6,1,"(row=2,col=3) -> (row=2,col=1)"
"(3, 3, 2, 1, 1)",6,1,"(row=3,col=3) -> (row=1,col=1)"
"(3, 2, 2, 1, 1, 1)",1,6,"(row=1,col=0) -> (row=0,col=1)"
"(3, 2, 2, 1, 1, 1)",6,5,"(row=0,col=1) -> (row=1,col=2)"
"(3, 2, 2, 1, 1, 1)",6,5,"(row=0,col=3) -> (row=2,col=1)"
"(3, 2, 1, 1, 1, 1, 1)",4,7,"(row=0,col=1) -> (row=1,col=2)"
"(3, 2, 1, 1, 1, 1, 1)",4,7,"(row=0,col=3) -> (row=2,col=1)"
"(6, 4, 1)",1,5,"(row=0,col=2) -> (row=0,col=0)"
"(6, 4, 1)",1,5,"(row=0,col=3) -> (row=2,col=1)"
"(6, 4, 1)",1,5,"(row=0,col=1) -> (row=1,col=2)"
"(6, 3, 2)",1,5,"(row=2,col=2) -> (row=2,col=2)"
"(6, 3, 2)",1,5,"(row=3,col=2) -> (row=1,col=2)"
"(6, 3, 2)",1,5,"(row=1,col=3) -> (row=2,col=2)"
"(6, 3, 2)",1,5,"(row=1,col=2) -> (row=1,col=2)"
"(6, 3, 2)",1,5,"(row=2,col=3) -> (row=1,col=2)"
"(6, 3, 2)",1,5,"(row=3,col=3) -> (row=2,col=2)"
"(6, 3, 2)",2,5,"(row=0,col=3) -> (row=2,col=1)"
"(6, 3, 2)",2,5,"(row=0,col=1) -> (row=1,col=2)"
"(6, 3, 2)",7,5,"(row=2,col=1) -> (row=1,col=0)"
"(6, 3, 2)",7,5,"(row=3,col=1) -> (row=2,col=0)"
"(6, 3, 2)",7,5,"(row=1,col=0) -> (row=1,col=0)"
"(6, 3, 2)",7,5,"(row=2,col=0) -> (row=2,col=0)"
"(6, 3, 2)",7,5,"(row=3,col=0) -> (row=1,col=0)"
"(6, 3, 2)",7,5,"(row=1,col=1) -> (row=2,col=0)"
"(6, 2, 1, 1, 1)",1,1,"(row=2,col=1) -> (row=1,col=0)"
"(6, 2, 1, 1, 1)",1,1,"(row=3,col=1) -> (row=2,col=0)"
"(6, 2, 1, 1, 1)",1,1,"(row=2,col=0) -> (row=2,col=0)"
"(6, 2, 1, 1, 1)",1,1,"(row=3,col=0) -> (row=1,col=0)"
"(6, 2, 1, 1, 1)",1,1,"(row=1,col=1) -> (row=2,col=0)"
"(6, 2, 1, 1, 1)",1,1,"(row=1,col=0) -> (row=1,col=0)"
"(6, 2, 1, 1, 1)",1,2,"(row=0,col=2) -> (row=0,col=0)"
"(6, 2, 1, 1, 1)",2,3,"(row=0,col=1) -> (row=1,col=2)"
"(6, 2, 1, 1, 1)",2,3,"(row=0,col=3) -> (row=2,col=1)"
"(6, 2, 1, 1, 1)",6,1,"(row=0,col=1) -> (row=2,col=1)"
"(6, 2, 1, 1, 1)",6,1,"(row=0,col=2) -> (row=1,col=1)"
"(5, 4, 2)",1,5,"(row=0,col=1) -> (row=1,col=2)"
"(5, 4, 2)",1,5,"(row=0,col=3) -> (row=2,col=1)"
"(5, 4, 2)",5,1,"(row=0,col=2) -> (row=1,col=1)"
"(5, 4, 2)",5,1,"(row=0,col=1) -> (row=2,col=1)"
"(5, 4, 1, 1)",5,3,"(row=2,col=3) -> (row=2,col=1)"
"(5, 4, 1, 1)",5,3,"(row=3,col=3) -> (row=1,col=1)"
"(5, 4, 1, 1)",5,3,"(row=2,col=1) -> (row=1,col=2)"
"(5, 4, 1, 1)",5,3,"(row=3,col=1) -> (row=2,col=2)"
"(5, 4, 1, 1)",5,3,"(row=1,col=1) -> (row=2,col=2)"
"(5, 4, 1, 1)",5,3,"(row=1,col=3) -> (row=1,col=1)"
"(5, 3, 1, 1, 1)",4,1,"(row=2,col=0) -> (row=2,col=0)"
"(5, 3, 1, 1, 1)",4,1,"(row=3,col=0) -> (row=1,col=0)"
"(5, 3, 1, 1, 1)",4,1,"(row=2,col=1) -> (row=1,col=0)"
"(5, 3, 1, 1, 1)",4,1,"(row=3,col=1) -> (row=2,col=0)"
"(5, 3, 1, 1, 1)",4,1,"(row=1,col=1) -> (row=2,col=0)"
"(5, 3, 1, 1, 1)",4,1,"(row=1,col=0) -> (row=1,col=0)"
"(5, 3, 1, 1, 1)",5,1,"(row=1,col=1) -> (row=2,col=2)"
"(5, 3, 1, 1, 1)",5,1,"(row=2,col=3) -> (row=2,col=1)"
"(5, 3, 1, 1, 1)",5,1,"(row=3,col=3) -> (row=1,col=1)"
"(5, 3, 1, 1, 1)",5,1,"(row=1,col=3) -> (row=1,col=1)"
"(5, 3, 1, 1, 1)",5,1,"(row=2,col=1) -> (row=1,col=2)"
"(5, 2, 2, 1, 1)",1,3,"(row=0,col=2) -> (row=0,col=0)"
"(5, 2, 2, 1, 1)",5,4,"(row=0,col=3) -> (row=2,col=1)"
"(5, 2, 2, 1, 1)",5,4,"(row=0,col=1) -> (row=1,col=2)"
"(5, 2, 1, 1, 1, 1)",2,3,"(row=0,col=1) -> (row=1,col=2)"
"(5, 2, 1, 1, 1, 1)",2,3,"(row=0,col=3) -> (row=2,col=1)"
"(4, 4, 2, 1)",2,5,"(row=0,col=1) -> (row=1,col=2)"
"(4, 4, 2, 1)",2,5,"(row=0,col=3) -> (row=2,col=1)"
"(4, 4, 2, 1)",7,3,"(row=2,col=1) -> (row=1,col=0)"
"(4, 4, 2, 1)",7,3,"(row=3,col=1) -> (row=2,col=0)"
"(4, 4, 2, 1)",7,3,"(row=1,col=0) -> (row=1,col=0)"
"(4, 4, 2, 1)",7,3,"(row=2,col=0) -> (row=2,col=0)"
"(4, 4, 2, 1)",7,3,"(row=3,col=0) -> (row=1,col=0)"
"(4, 4, 2, 1)",7,3,"(row=1,col=1) -> (row=2,col=0)"
"(4, 3, 2, 2)",2,5,"(row=0,col=3) -> (row=2,col=1)"
"(4, 3, 2, 2)",2,5,"(row=0,col=1) -> (row=1,col=2)"
"(4, 3, 2, 2)",5,2,"(row=0,col=2) -> (row=1,col=1)"
"(4, 3, 2, 2)",5,2,"(row=0,col=1) -> (row=2,col=1)"
"(4, 3, 1, 1, 1, 1)",2,7,"(row=0,col=1) -> (row=1,col=2)"
"(4, 3, 1, 1, 1, 1)",2,7,"(row=0,col=3) -> (row=2,col=1)"
"(4, 3, 1, 1, 1, 1)",4,9,"(row=1,col=2) -> (row=1,col=2)"
"(4, 3, 1, 1, 1, 1)",4,9,"(row=2,col=2) -> (row=2,col=2)"
"(4, 3, 1, 1, 1, 1)",4,9,"(row=3,col=2) -> (row=1,col=2)"
"(4, 3, 1, 1, 1, 1)",4,9,"(row=2,col=3) -> (row=1,col=2)"
"(4, 3, 1, 1, 1, 1)",4,9,"(row=3,col=3) -> (row=2,col=2)"
"(4, 3, 1, 1, 1, 1)",4,9,"(row=1,col=3) -> (row=2,col=2)"
"(4, 2, 2, 2, 1)",1,6,"(row=0,col=2) -> (row=0,col=0)"
"(4, 2, 2, 2, 1)",5,3,"(row=0,col=3) -> (row=2,col=1)"
"(4, 2, 2, 2, 1)",5,3,"(row=0,col=1) -> (row=1,col=2)"
"(4, 2, 2, 1, 1, 1)",2,1,"(row=2,col=1) -> (row=1,col=0)"
"(4, 2, 2, 1, 1, 1)",2,1,"(row=3,col=1) -> (row=2,col=0)"
"(4, 2, 2, 1, 1, 1)",2,1,"(row=1,col=1) -> (row=2,col=0)"
"(4, 2, 2, 1, 1, 1)",2,1,"(row=1,col=0) -> (row=1,col=0)"
"(4, 2, 2, 1, 1, 1)",2,1,"(row=2,col=0) -> (row=2,col=0)"
"(4, 2, 2, 1, 1, 1)",2,1,"(row=3,col=0) -> (row=1,col=0)"
"(4, 2, 1, 1, 1, 1, 1)",3,2,"(row=2,col=1) -> (row=1,col=0)"
"(4, 2, 1, 1, 1, 1, 1)",3,2,"(row=3,col=1) -> (row=2,col=0)"
"(4, 2, 1, 1, 1, 1, 1)",3,2,"(row=2,col=0) -> (row=2,col=0)"
"(4, 2, 1, 1, 1, 1, 1)",3,2,"(row=3,col=0) -> (row=1,col=0)"
"(4, 2, 1, 1, 1, 1, 1)",3,2,"(row=1,col=1) -> (row=2,col=0)"
"(4, 2, 1, 1, 1, 1, 1)",3,2,"(row=1,col=0) -> (row=1,col=0)"
"(3, 3, 2, 2, 1)",4,1,"(row=2,col=3) -> (row=1,col=0)"
"(3, 3, 2, 2, 1)",4,1,"(row=3,col=3) -> (row=2,col=0)"
"(3, 3, 2, 2, 1)",4,1,"(row=2,col=0) -> (row=2,col=2)"
"(3, 3, 2, 2, 1)",4,1,"(row=3,col=0) -> (row=1,col=2)"
"(3, 3, 2, 2, 1)",4,1,"(row=1,col=0) -> (row=1,col=2)"
"(3, 3, 2, 2, 1)",4,1,"(row=1,col=3) -> (row=2,col=0)"
"(3, 3, 2, 2, 1)",4,5,"(row=0,col=1) -> (row=1,col=2)"
"(3, 3, 2, 2, 1)",4,5,"(row=0,col=3) -> (row=2,col=1)"
"(3, 3, 2, 2, 1)",5,1,"(row=2,col=1) -> (row=1,col=2)"
"(3, 3, 2, 2, 1)",5,1,"(row=3,col=1) -> (row=2,col=2)"
"(3, 3, 2, 2, 1)",5,1,"(row=1,col=1) -> (row=2,col=2)"
"(3, 3, 2, 2, 1)",5,1,"(row=2,col=3) -> (row=2,col=1)"
"(3, 3, 2, 2, 1)",5,1,"(row=3,col=3) -> (row=1,col=1)"
"(3, 3, 2, 2, 1)",5,1,"(row=1,col=3) -> (row=1,col=1)"
"(3, 3, 2, 2, 1)",5,4,"(row=2,col=2) -> (row=2,col=2)"
"(3, 3, 2, 2, 1)",5,4,"(row=3,col=2) -> (row=1,col=2)"
"(3, 3, 2, 2, 1)",5,4,"(row=2,col=3) -> (row=1,col=2)"
"(3, 3, 2, 2, 1)",5,4,"(row=3,col=3) -> (row=2,col=2)"
"(3, 3, 2, 2, 1)",5,4,"(row=1,col=2) -> (row=1,col=2)"
"(3, 3, 2, 2, 1)",5,4,"(row=1,col=3) -> (row=2,col=2)"
"(3, 3, 2, 2, 1)",7,2,"(row=2,col=1) -> (row=1,col=0)"
"(3, 3, 2, 2, 1)",7,2,"(row=3,col=1) -> (row=2,col=0)"
"(3, 3, 2, 2, 1)",7,2,"(row=1,col=1) -> (row=2,col=0)"
"(3, 3, 2, 2, 1)",7,2,"(row=2,col=0) -> (row=2,col=0)"
"(3, 3, 2, 2, 1)",7,2,"(row=3,col=0) -> (row=1,col=0)"
"(3, 3, 2, 2, 1)",7,2,"(row=1,col=0) -> (row=1,col=0)"
"(3, 3, 2, 1, 1, 1)",2,1,"(row=1,col=1) -> (row=2,col=0)"
"(3, 3, 2, 1, 1, 1)",2,1,"(row=2,col=1) -> (row=1,col=0)"
"(3, 3, 2, 1, 1, 1)",2,1,"(row=3,col=1) -> (row=2,col=0)"
"(3, 3, 2, 1, 1, 1)",2,1,"(row=2,col=0) -> (row=2,col=0)"
"(3, 3, 2, 1, 1, 1)",2,1,"(row=3,col=0) -> (row=1,col=0)"
"(3, 3, 2, 1, 1, 1)",2,1,"(row=1,col=0) -> (row=1,col=0)"
"(3, 3, 2, 1, 1, 1)",2,5,"(row=0,col=1) -> (row=1,col=2)"
"(3, 3, 2, 1, 1, 1)",2,5,"(row=0,col=3) -> (row=2,col=1)"
"(3, 3, 2, 1, 1, 1)",5,1,"(row=0,col=1) -> (row=2,col=1)"
"(3, 3, 2, 1, 1, 1)",5,1,"(row=0,col=2) -> (row=1,col=1)"
"(3, 3, 2, 1, 1, 1)",8,7,"(row=2,col=2) -> (row=2,col=2)"
"(3, 3, 2, 1, 1, 1)",8,7,"(row=3,col=2) -> (row=1,col=2)"
"(3, 3, 2, 1, 1, 1)",8,7,"(row=1,col=2) -> (row=1,col=2)"
"(3, 3, 2, 1, 1, 1)",8,7,"(row=1,col=3) -> (row=2,col=2)"
"(3, 3, 2, 1, 1, 1)",8,7,"(row=2,col=3) -> (row=1,col=2)"
"(3, 3, 2, 1, 1, 1)",8,7,"(row=3,col=3) -> (row=2,col=2)"
"(3, 2, 2, 2, 1, 1)",5,1,"(row=2,col=1) -> (row=1,col=2)"
"(3, 2, 2, 2, 1, 1)",5,1,"(row=3,col=1) -> (row=2,col=2)"
"(3, 2, 2, 2, 1, 1)",5,1,"(row=1,col=1) -> (row=2,col=2)"
"(3, 2, 2, 2, 1, 1)",5,1,"(row=2,col=3) -> (row=2,col=1)"
"(3, 2, 2, 2, 1, 1)",5,1,"(row=3,col=3) -> (row=1,col=1)"
"(3, 2, 2, 2, 1, 1)",5,1,"(row=1,col=3) -> (row=1,col=1)"
"(3, 2, 2, 1, 1, 1, 1)",2,3,"(row=2,col=2) -> (row=2,col=2)"
"(3, 2, 2, 1, 1, 1, 1)",2,3,"(row=3,col=2) -> (row=1,col=2)"
"(3, 2, 2, 1, 1, 1, 1)",2,3,"(row=1,col=2) -> (row=1,col=2)"
"(3, 2, 2, 1, 1, 1, 1)",2,3,"(row=1,col=3) -> (row=2,col=2)"
"(3, 2, 2, 1, 1, 1, 1)",2,3,"(row=2,col=3) -> (row=1,col=2)"
"(3, 2, 2, 1, 1, 1, 1)",2,3,"(row=3,col=3) -> (row=2,col=2)"
"(3, 2, 1, 1, 1, 1, 1, 1)",3,5,"(row=1,col=2) -> (row=1,col=2)"
"(3, 2, 1, 1, 1, 1, 1, 1)",3,5,"(row=2,col=2) -> (row=2,col=2)"
"(3, 2, 1, 1, 1, 1, 1, 1)",3,5,"(row=3,col=2) -> (row=1,col=2)"
"(3, 2, 1, 1, 1, 1, 1, 1)",3,5,"(row=1,col=3) -> (row=2,col=2)"
"(3, 2, 1, 1, 1, 1, 1, 1)",3,5,"(row=2,col=3) -> (row=1,col=2)"
"(3, 2, 1, 1, 1, 1, 1, 1)",3,5,"(row=3,col=3) -> (row=2,col=2)"
"(3, 2, 1, 1, 1, 1, 1, 1)",5,2,"(row=2,col=1) -> (row=1,col=0)"
"(3, 2, 1, 1, 1, 1, 1, 1)",5,2,"(row=3,col=1) -> (row=2,col=0)"
"(3, 2, 1, 1, 1, 1, 1, 1)",5,2,"(row=2,col=0) -> (row=2,col=0)"
"(3, 2, 1, 1, 1, 1, 1, 1)",5,2,"(row=3,col=0) -> (row=1,col=0)"
"(3, 2, 1, 1, 1, 1, 1, 1)",5,2,"(row=1,col=1) -> (row=2,col=0)"
"(3, 2, 1, 1, 1, 1, 1, 1)",5,2,"(row=1,col=0) -> (row=1,col=0)"
"(7, 3, 1, 1)",1,3,"(row=0,col=3) -> (row=2,col=1)"
"(7, 3, 1, 1)",1,3,"(row=0,col=1) -> (row=1,col=2)"
"(7, 3, 1, 1)",2,7,"(row=0,col=2) -> (row=0,col=0)"
"(7, 3, 1, 1)",3,1,"(row=1,col=1) -> (row=2,col=0)"
"(7, 3, 1, 1)",3,1,"(row=1,col=0) -> (row=1,col=0)"
"(7, 3, 1, 1)",3,1,"(row=2,col=0) -> (row=2,col=0)"
"(7, 3, 1, 1)",3,1,"(row=3,col=0) -> (row=1,col=0)"
"(7, 3, 1, 1)",3,1,"(row=2,col=1) -> (row=1,col=0)"
"(7, 3, 1, 1)",3,1,"(row=3,col=1) -> (row=2,col=0)"
"(6, 5, 1)",5,4,"(row=2,col=1) -> (row=1,col=2)"
"(6, 5, 1)",5,4,"(row=3,col=1) -> (row=2,col=2)"
"(6, 5, 1)",5,4,"(row=1,col=1) -> (row=2,col=2)"
"(6, 5, 1)",5,4,"(row=2,col=3) -> (row=2,col=1)"
"(6, 5, 1)",5,4,"(row=3,col=3) -> (row=1,col=1)"
"(6, 5, 1)",5,4,"(row=1,col=3) -> (row=1,col=1)"
"(6, 4, 1, 1)",2,9,"(row=2,col=3) -> (row=1,col=2)"
"(6, 4, 1, 1)",2,9,"(row=3,col=3) -> (row=2,col=2)"
"(6, 4, 1, 1)",2,9,"(row=1,col=3) -> (row=2,col=2)"
"(6, 4, 1, 1)",2,9,"(row=1,col=2) -> (row=1,col=2)"
"(6, 4, 1, 1)",2,9,"(row=2,col=2) -> (row=2,col=2)"
"(6, 4, 1, 1)",2,9,"(row=3,col=2) -> (row=1,col=2)"
"(6, 4, 1, 1)",9,1,"(row=1,col=0) -> (row=1,col=0)"
"(6, 4, 1, 1)",9,1,"(row=2,col=0) -> (row=2,col=0)"
"(6, 4, 1, 1)",9,1,"(row=3,col=0) -> (row=1,col=0)"
"(6, 4, 1, 1)",9,1,"(row=1,col=1) -> (row=2,col=0)"
"(6, 4, 1, 1)",9,1,"(row=2,col=1) -> (row=1,col=0)"
"(6, 4, 1, 1)",9,1,"(row=3,col=1) -> (row=2,col=0)"
"(6, 3, 1, 1, 1)",1,3,"(row=0,col=3) -> (row=2,col=1)"
"(6, 3, 1, 1, 1)",1,3,"(row=0,col=1) -> (row=1,col=2)"
"(6, 3, 1, 1, 1)",1,5,"(row=2,col=2) -> (row=2,col=2)"
"(6, 3, 1, 1, 1)",1,5,"(row=3,col=2) -> (row=1,col=2)"
"(6, 3, 1, 1, 1)",1,5,"(row=2,col=3) -> (row=1,col=2)"
"(6, 3, 1, 1, 1)",1,5,"(row=3,col=3) -> (row=2,col=2)"
"(6, 3, 1, 1, 1)",1,5,"(row=1,col=2) -> (row=1,col=2)"
"(6, 3, 1, 1, 1)",1,5,"(row=1,col=3) -> (row=2,col=2)"
"(6, 3, 1, 1, 1)",3,1,"(row=1,col=0) -> (row=1,col=0)"
"(6, 3, 1, 1, 1)",3,1,"(row=2,col=1) -> (row=1,col=0)"
"(6, 3, 1, 1, 1)",3,1,"(row=3,col=1) -> (row=2,col=0)"
"(6, 3, 1, 1, 1)",3,1,"(row=1,col=1) -> (row=2,col=0)"
"(6, 3, 1, 1, 1)",3,1,"(row=2,col=0) -> (row=2,col=0)"
"(6, 3, 1, 1, 1)",3,1,"(row=3,col=0) -> (row=1,col=0)"
"(5, 4, 3)",6,1,"(row=0,col=1) -> (row=1,col=0)"
"(5, 4, 3)",6,1,"(row=0,col=0) -> (row=2,col=0)"
"(5, 3, 3, 1)",3,5,"(row=0,col=3) -> (row=2,col=1)"
"(5, 3, 3, 1)",3,5,"(row=0,col=1) -> (row=1,col=2)"
"(5, 2, 2, 1, 1, 1)",5,3,"(row=2,col=1) -> (row=1,col=0)"
"(5, 2, 2, 1, 1, 1)",5,3,"(row=3,col=1) -> (row=2,col=0)"
"(5, 2, 2, 1, 1, 1)",5,3,"(row=1,col=1) -> (row=2,col=0)"
"(5, 2, 2, 1, 1, 1)",5,3,"(row=2,col=0) -> (row=2,col=0)"
"(5, 2, 2, 1, 1, 1)",5,3,"(row=3,col=0) -> (row=1,col=0)"
"(5, 2, 2, 1, 1, 1)",5,3,"(row=1,col=0) -> (row=1,col=0)"
"(4, 4, 3, 1)",3,1,"(row=2,col=1) -> (row=1,col=2)"
"(4, 4, 3, 1)",3,1,"(row=1,col=1) -> (row=2,col=2)"
"(4, 4, 3, 1)",3,1,"(row=2,col=3) -> (row=2,col=1)"
"(4, 4, 3, 1)",3,1,"(row=3,col=3) -> (row=1,col=1)"
"(4, 4, 3, 1)",3,1,"(row=1,col=3) -> (row=1,col=1)"
"(4, 4, 3, 1)",5,6,"(row=2,col=3) -> (row=1,col=2)"
"(4, 4, 3, 1)",5,6,"(row=3,col=3) -> (row=2,col=2)"
"(4, 4, 3, 1)",5,6,"(row=2,col=2) -> (row=2,col=2)"
"(4, 4, 3, 1)",5,6,"(row=3,col=2) -> (row=1,col=2)"
"(4, 4, 3, 1)",5,6,"(row=1,col=2) -> (row=1,col=2)"
"(4, 4, 3, 1)",5,6,"(row=1,col=3) -> (row=2,col=2)"
"(4, 4, 2, 1, 1)",2,7,"(row=0,col=2) -> (row=0,col=2)"
"(4, 4, 2, 1, 1)",8,5,"(row=2,col=1) -> (row=1,col=0)"
"(4, 4, 2, 1, 1)",8,5,"(row=3,col=1) -> (row=2,col=0)"
"(4, 4, 2, 1, 1)",8,5,"(row=2,col=0) -> (row=2,col=0)"
"(4, 4, 2, 1, 1)",8,5,"(row=3,col=0) -> (row=1,col=0)"
"(4, 4, 2, 1, 1)",8,5,"(row=1,col=1) -> (row=2,col=0)"
"(4, 4, 2, 1, 1)",8,5,"(row=1,col=0) -> (row=1,col=0)"
"(4, 3, 3, 2)",3,1,"(row=2,col=1) -> (row=1,col=2)"
"(4, 3, 3, 2)",3,1,"(row=3,col=1) -> (row=2,col=2)"
"(4, 3, 3, 2)",3,1,"(row=1,col=1) -> (row=2,col=2)"
"(4, 3, 3, 2)",3,1,"(row=1,col=3) -> (row=1,col=1)"
"(4, 3, 3, 2)",3,1,"(row=2,col=3) -> (row=2,col=1)"
"(4, 3, 3, 2)",3,1,"(row=3,col=3) -> (row=1,col=1)"
"(4, 3, 3, 2)",3,4,"(row=0,col=3) -> (row=2,col=1)"
"(4, 3, 3, 2)",3,4,"(row=0,col=1) -> (row=1,col=2)"
"(4, 3, 3, 2)",5,2,"(row=2,col=0) -> (row=2,col=0)"
"(4, 3, 3, 2)",5,2,"(row=3,col=0) -> (row=1,col=0)"
"(4, 3, 3, 2)",5,2,"(row=1,col=1) -> (row=2,col=0)"
"(4, 3, 3, 2)",5,2,"(row=2,col=1) -> (row=1,col=0)"
"(4, 3, 3, 2)",5,2,"(row=3,col=1) -> (row=2,col=0)"
"(4, 3, 3, 2)",5,2,"(row=1,col=0) -> (row=1,col=0)"
"(4, 3, 3, 1, 1)",3,5,"(row=0,col=1) -> (row=1,col=2)"
"(4, 3, 3, 1, 1)",3,5,"(row=0,col=3) -> (row=2,col=1)"
"(4, 2, 2, 1, 1, 1, 1)",1,4,"(row=0,col=2) -> (row=0,col=2)"
"(4, 2, 2, 1, 1, 1, 1)",4,3,"(row=0,col=3) -> (row=2,col=1)"
"(4, 2, 2, 1, 1, 1, 1)",4,3,"(row=0,col=1) -> (row=1,col=2)"
"(3, 2, 2, 2, 2, 1)",5,1,"(row=2,col=3) -> (row=2,col=1)"
"(3, 2, 2, 2, 2, 1)",5,1,"(row=3,col=3) -> (row=1,col=1)"
"(3, 2, 2, 2, 2, 1)",5,1,"(row=1,col=1) -> (row=2,col=2)"
"(3, 2, 2, 2, 2, 1)",5,1,"(row=1,col=3) -> (row=1,col=1)"
"(3, 2, 2, 2, 2, 1)",5,1,"(row=2,col=1) -> (row=1,col=2)"
"(3, 2, 2, 2, 2, 1)",5,1,"(row=3,col=1) -> (row=2,col=2)"
